﻿Designator,Quantity,Value,Footprint,Package,MPN,DNP,Mount_Type,Description,Sim.Pins
"C1, C2",2,1u,C_0603_1608Metric_Pad1.08x0.95mm_HandSolder,,,,smt,"capacitor, US symbol",
C3,1,1u,C_0402_1005Metric_Pad0.74x0.62mm_HandSolder,,,,smt,Unpolarized capacitor,
C6,1,0.1u,C_0402_1005Metric_Pad0.74x0.62mm_HandSolder,,,,smt,Unpolarized capacitor,
D1,1,LED,LED_0402_1005Metric_Pad0.77x0.64mm_HandSolder,,,,smt,Light emitting diode,1=K 2=A
"J1, J4",2,Conn_01x04_Pin,PinHeader_1x04_P2.54mm_Vertical,,,,tht,"Generic connector, single row, 01x04, script generated",
J2,1,Conn_01x02_Pin,PinHeader_1x02_P2.54mm_Vertical,,,,tht,"Generic connector, single row, 01x02, script generated",
J3,1,Conn_01x03_Pin,PinHeader_1x03_P2.54mm_Vertical,,,,tht,"Generic connector, single row, 01x03, script generated",
"R1, R2, R3, R4, R5",5,4.7k,R_0402_1005Metric_Pad0.72x0.64mm_HandSolder,,,,smt,"Resistor, US symbol",
R12,1,1k,R_0402_1005Metric_Pad0.72x0.64mm_HandSolder,,,,smt,"Resistor, US symbol",
R13,1,10k,R_0402_1005Metric_Pad0.72x0.64mm_HandSolder,,,,smt,"Resistor, US symbol",
U2,1,MCP6401RT-xOT,SOT-23-5,,,,smt,"1 MHz, 45 µA Op Amps, SOT-23-5",
U3,1,ATtiny402-SS,SOIC-8_3.9x4.9mm_P1.27mm,,,,smt,"20MHz, 4kB Flash, 256B SRAM, 128B EEPROM, SOIC-8",
U5,1,NCP163ASN330T1G,SOT-23-5_HandSoldering,,,,smt,"250mA low-noise LDO, 2.2V-5.5V input, 3.3V output, SOT-23-5",
