﻿pos_x,pos_y,rotation,side,designator,mpn,pack,footprint,value,mount_type
47.5,-136.4,180.0,top,C1,,,C_0603_1608Metric_Pad1.08x0.95mm_HandSolder,1u,smt
47.6,-142.8,180.0,top,C2,,,C_0603_1608Metric_Pad1.08x0.95mm_HandSolder,1u,smt
48.0,-151.3,0.0,top,C3,,,C_0402_1005Metric_Pad0.74x0.62mm_HandSolder,1u,smt
43.3,-153.4,180.0,top,C6,,,C_0402_1005Metric_Pad0.74x0.62mm_HandSolder,0.1u,smt
43.3,-152.3,0.0,top,D1,,,LED_0402_1005Metric_Pad0.77x0.64mm_HandSolder,LED,smt
44.4,-133.7925,0.0,top,J1,,,PinHeader_1x04_P2.54mm_Vertical,Conn_01x04_Pin,tht
46.175,-158.2,90.0,bottom,J2,,,PinHeader_1x02_P2.54mm_Vertical,Conn_01x02_Pin,tht
42.2,-130.9,90.0,top,J3,,,PinHeader_1x03_P2.54mm_Vertical,Conn_01x03_Pin,tht
41.9,-141.4,180.0,top,J4,,,PinHeader_1x04_P2.54mm_Vertical,Conn_01x04_Pin,tht
42.4,-144.5,0.0,top,R1,,,R_0402_1005Metric_Pad0.72x0.64mm_HandSolder,4.7k,smt
44.9,-144.5,0.0,top,R12,,,R_0402_1005Metric_Pad0.72x0.64mm_HandSolder,1k,smt
43.3,-151.3,0.0,top,R13,,,R_0402_1005Metric_Pad0.72x0.64mm_HandSolder,10k,smt
47.6,-144.5,180.0,top,R2,,,R_0402_1005Metric_Pad0.72x0.64mm_HandSolder,4.7k,smt
45.7,-151.3,180.0,top,R3,,,R_0402_1005Metric_Pad0.72x0.64mm_HandSolder,4.7k,smt
43.3,-154.4,180.0,top,R4,,,R_0402_1005Metric_Pad0.72x0.64mm_HandSolder,4.7k,smt
43.3,-155.4,0.0,top,R5,,,R_0402_1005Metric_Pad0.72x0.64mm_HandSolder,4.7k,smt
46.8,-154.2,0.0,top,U2,,,SOT-23-5,MCP6401RT-xOT,smt
44.9,-147.9,180.0,top,U3,,,SOIC-8_3.9x4.9mm_P1.27mm,ATtiny402-SS,smt
47.4,-139.6,-90.0,top,U5,,,SOT-23-5_HandSoldering,NCP163ASN330T1G,smt
