﻿pos_x,pos_y,rotation,side,designator,mpn,pack,footprint,value,mount_type
47.5,-136.9,180.0,top,C1,,,C_0603_1608Metric_Pad1.08x0.95mm_HandSolder,1u,smt
48.0,-143.3,0.0,top,C2,,,C_0603_1608Metric_Pad1.08x0.95mm_HandSolder,1u,smt
41.0,-152.5,-90.0,top,C3,,,C_0402_1005Metric_Pad0.74x0.62mm_HandSolder,1u,smt
41.3,-141.2,90.0,top,C4,,,C_0402_1005Metric_Pad0.74x0.62mm_HandSolder,0.1u,smt
41.3,-137.4,-90.0,top,C5,,,C_0402_1005Metric_Pad0.74x0.62mm_HandSolder,0.1u,smt
43.4,-153.6,180.0,top,C6,,,C_0402_1005Metric_Pad0.74x0.62mm_HandSolder,0.1u,smt
45.6,-151.9,0.0,top,D1,,,LED_0402_1005Metric_Pad0.77x0.64mm_HandSolder,LED,smt
42.42,-131.175,90.0,top,J1,,,PinHeader_2x03_P2.54mm_Vertical,Conn_02x03_Odd_Even,tht
46.175,-158.2,90.0,bottom,J2,,,PinHeader_1x02_P2.54mm_Vertical,Conn_01x02_Pin,tht
48.1,-145.7,0.0,top,J3,,,PinHeader_1x03_P2.54mm_Vertical,Conn_01x03_Pin,tht
42.42,-125.07,90.0,top,J4,,,PinHeader_2x03_P2.54mm_Vertical,Conn_02x03_Odd_Even,tht
45.2,-143.4,180.0,top,R1,,,R_0402_1005Metric_Pad0.72x0.64mm_HandSolder,4.7k,smt
45.1,-134.1,-90.0,top,R10,,,R_0402_1005Metric_Pad0.72x0.64mm_HandSolder,4.7k,smt
46.5,-134.1,-90.0,top,R11,,,R_0402_1005Metric_Pad0.72x0.64mm_HandSolder,4.7k,smt
46.1,-147.6,-90.0,top,R12,,,R_0402_1005Metric_Pad0.72x0.64mm_HandSolder,1k,smt
46.1,-150.1,90.0,top,R13,,,R_0402_1005Metric_Pad0.72x0.64mm_HandSolder,10k,smt
42.0,-143.2,0.0,top,R2,,,R_0402_1005Metric_Pad0.72x0.64mm_HandSolder,4.7k,smt
43.3,-151.9,180.0,top,R3,,,R_0402_1005Metric_Pad0.72x0.64mm_HandSolder,4.7k,smt
43.3,-154.6,180.0,top,R4,,,R_0402_1005Metric_Pad0.72x0.64mm_HandSolder,4.7k,smt
43.4025,-155.7,0.0,top,R5,,,R_0402_1005Metric_Pad0.72x0.64mm_HandSolder,4.7k,smt
42.1,-134.1,-90.0,top,R6,,,R_0402_1005Metric_Pad0.72x0.64mm_HandSolder,4.7k,smt
43.8,-134.1,-90.0,top,R7,,,R_0402_1005Metric_Pad0.72x0.64mm_HandSolder,4.7k,smt
43.0,-135.7,0.0,top,R8,,,R_0402_1005Metric_Pad0.72x0.64mm_HandSolder,4.7k,smt
45.7,-135.7,0.0,top,R9,,,R_0402_1005Metric_Pad0.72x0.64mm_HandSolder,4.7k,smt
43.6,-139.265,90.0,top,U1,,,TSSOP-10_3x3mm_P0.5mm,PCA9615DP,smt
46.8,-154.4,0.0,top,U2,,,SOT-23-5,MCP6401RT-xOT,smt
42.9,-147.7,90.0,top,U3,,,SOIC-8_3.9x4.9mm_P1.27mm,ATtiny402-SS,smt
47.4,-140.1,-90.0,top,U5,,,SOT-23-5_HandSoldering,NCP163ASN330T1G,smt
